<?xml version='1.0' encoding='utf-8'?>
<inno:dom xmlns:inno="http://innodatalabs.com/innodom"><inno:meta><inno:datapoint key="single_required_group.enum_true_true.1" confidence="1" idref="text-5">b</inno:datapoint></inno:meta><inno:content><inno:text id="text-1" type="text"><inno:block page="1" page-width="362" page-height="512" x-min="125" x-max="232" y-min="41" y-max="62"><inno:b><inno:font font-size="28.00pt" font-name="LiberationSans-Bold">Lorem ipsum</inno:font></inno:b></inno:block></inno:text><inno:text id="text-2" type="text"><inno:block page="1" page-width="362" page-height="512" x-min="31" x-max="316" y-min="86" y-max="113"><inno:b><inno:font font-size="18.00pt" font-name="LiberationSans-Bold">Lorem ipsum dolor sit amet, consectetur adipiscing<inno:br/>elit. Nunc ac faucibus odio.</inno:font></inno:b></inno:block></inno:text><inno:text id="text-3" type="text"><inno:block page="1" page-width="362" page-height="512" x-min="31" x-max="330" y-min="130" y-max="212"><inno:font font-size="10.50pt" font-name="DejaVuSans">Vestibulum neque massa, scelerisque sit amet ligula eu, congue molestie mi. Praesent ut<inno:br/>varius sem. Nullam at porttitor arcu, nec lacinia nisi. Ut ac dolor vitae odio interdum<inno:br/>condimentum.</inno:font> <inno:b><inno:font font-size="10.50pt" font-name="DejaVuSans-Bold">Vivamus dapibus sodales ex, vitae malesuada ipsum cursus<inno:br/>convallis. Maecenas sed egestas nulla, ac condimentum orci.</inno:font></inno:b> <inno:font font-size="10.50pt" font-name="DejaVuSans">Mauris diam felis,<inno:br/>vulputate ac suscipit et, iaculis non est. Curabitur semper arcu ac ligula semper, nec luctus<inno:br/>nisl blandit. Integer lacinia ante ac libero lobortis imperdiet. <inno:i>Nullam mollis convallis ipsum,<inno:br/>ac accumsan nunc vehicula vitae.</inno:i> Nulla eget justo in felis tristique fringilla. Morbi sit amet<inno:br/>tortor quis risus auctor condimentum. Morbi in ullamcorper elit. Nulla iaculis tellus sit amet<inno:br/>mauris tempus fringilla.</inno:font></inno:block></inno:text><inno:text id="text-4" type="text"><inno:block page="1" page-width="362" page-height="512" x-min="31" x-max="264" y-min="217" y-max="229"><inno:font font-size="10.50pt" font-name="DejaVuSans">Maecenas mauris lectus, lobortis et purus mattis, blandit dictum tellus.</inno:font></inno:block></inno:text><inno:text id="text-5" type="text"><inno:block page="1" page-width="362" page-height="512" x-min="41" x-max="330" y-min="233" y-max="340"><inno:nec bbox="74.8 445.33 79.63 449.14" fid="40:0" cid="183" code="0xf0b7"/> <inno:b><inno:font font-size="10.50pt" font-name="DejaVuSans-Bold">Maecenas non lorem quis tellus placerat varius.</inno:font></inno:b><inno:br/><inno:nec bbox="74.8 417.63 79.63 421.44" fid="40:0" cid="183" code="0xf0b7"/> <inno:font font-size="10.50pt" font-name="DejaVuSans"><inno:i>Nulla facilisi.</inno:i><inno:br/><inno:nec bbox="74.8 390.03 79.63 393.84" fid="40:0" cid="183" code="0xf0b7"/> Aenean congue fringilla justo ut aliquam.<inno:br/><inno:nec bbox="74.8 361.06 80.32 365.42" fid="40:0" cid="183" code="0xf0b7"/> Mauris id ex erat. Nunc vulputate neque vitae justo facilisis, non condimentum ante<inno:br/>sagittis.<inno:br/><inno:nec bbox="74.8 318.33 79.63 322.14" fid="40:0" cid="183" code="0xf0b7"/> Morbi viverra semper lorem nec molestie.<inno:br/><inno:nec bbox="74.8 290.63 79.63 294.44" fid="40:0" cid="183" code="0xf0b7"/> Maecenas tincidunt est efficitur ligula euismod, sit amet ornare est vulputate.</inno:font></inno:block></inno:text><inno:image id="image-1" type="image"><inno:block page="1" page-width="362" page-height="512" x-min="90" x-max="284" y-min="351" y-max="449"/></inno:image><inno:text id="text-6" type="text"><inno:block page="2" page-width="362" page-height="512" x-min="31" x-max="329" y-min="47" y-max="112"><inno:font font-size="10.50pt" font-name="DejaVuSans">In non mauris justo. Duis vehicula mi vel mi pretium, a viverra erat efficitur. Cras aliquam<inno:br/>est ac eros varius, id iaculis dui auctor. Duis pretium neque ligula, et pulvinar mi placerat<inno:br/>et. Nulla nec nunc sit amet nunc posuere vestibulum. Ut id neque eget tortor mattis<inno:br/>tristique. Donec ante est, blandit sit amet tristique vel, lacinia pulvinar arcu. Pellentesque<inno:br/>scelerisque fermentum erat, id posuere justo pulvinar ut. Cras id eros sed enim aliquam<inno:br/>lobortis. Sed lobortis nisl ut eros efficitur tincidunt. Cras justo mi, porttitor quis mattis vel,<inno:br/>ultricies ut purus. Ut facilisis et lacus eu cursus.</inno:font></inno:block></inno:text><inno:text id="text-7" type="text"><inno:block page="2" page-width="362" page-height="512" x-min="31" x-max="329" y-min="117" y-max="155"><inno:font font-size="10.50pt" font-name="DejaVuSans">In eleifend velit vitae libero sollicitudin euismod. Fusce vitae vestibulum velit. Pellentesque<inno:br/>vulputate lectus quis pellentesque commodo. Aliquam erat volutpat. Vestibulum in egestas<inno:br/>velit. Pellentesque fermentum nisl vitae fringilla venenatis. Etiam id mauris vitae orci<inno:br/>maximus ultricies.</inno:font></inno:block></inno:text><inno:text id="text-8" type="text"><inno:block page="2" page-width="362" page-height="512" x-min="38" x-max="321" y-min="184" y-max="201"><inno:b><inno:font font-size="18.00pt" font-name="LiberationSans-Bold">Cras fringilla ipsum magna, in fringilla dui commodo</inno:font></inno:b></inno:block></inno:text><inno:text id="text-9" type="text"><inno:block page="2" page-width="362" page-height="512" x-min="31" x-max="42" y-min="201.1" y-max="209"><inno:b><inno:font font-size="18.00pt" font-name="LiberationSans-Bold">a.</inno:font></inno:b></inno:block></inno:text><inno:table id="table-1" type="table"><inno:block page="2" page-width="362" page-height="512" x-min="31" x-max="329" y-min="228" y-max="346">
<inno:tr row="1">
<inno:td col="1" id="table-1-1-1" x-min="31" x-max="49.15" y-min="228" y-max="244.55"/>
<inno:td col="2" id="table-1-1-2" x-min="49.15" x-max="221.0" y-min="228" y-max="244.55"><inno:font font-size="10.50pt" font-name="DejaVuSans">Lorem ipsum</inno:font></inno:td>
<inno:td col="3" id="table-1-1-3" x-min="221.0" x-max="329" y-min="228" y-max="244.55"><inno:font font-size="10.50pt" font-name="DejaVuSans">Lorem ipsum Lorem ipsum</inno:font></inno:td>
</inno:tr>
<inno:tr row="2">
<inno:td col="1" id="table-1-2-1" x-min="31" x-max="49.15" y-min="244.55" y-max="261.75"><inno:font font-size="10.50pt" font-name="DejaVuSans">1</inno:font></inno:td>
<inno:td col="2" id="table-1-2-2" x-min="49.15" x-max="221.0" y-min="244.55" y-max="261.75"><inno:font font-size="10.50pt" font-name="DejaVuSans">In eleifend velit vitae libero sollicitudin euismod.</inno:font></inno:td>
<inno:td col="3" id="table-1-2-3" x-min="221.0" x-max="329" y-min="244.55" y-max="261.75"><inno:font font-size="10.50pt" font-name="DejaVuSans">Lorem</inno:font></inno:td>
</inno:tr>
<inno:tr row="3">
<inno:td col="1" id="table-1-3-1" x-min="31" x-max="49.15" y-min="261.75" y-max="276.0"><inno:font font-size="10.50pt" font-name="DejaVuSans">2</inno:font></inno:td>
<inno:td colspan="2" col="2" id="table-1-3-2" x-min="49.15" x-max="329" y-min="261.75" y-max="276.0"><inno:font font-size="10.50pt" font-name="DejaVuSans">Cras fringilla ipsum magna, in fringilla dui commodo Ipsum</inno:font></inno:td>
</inno:tr>
<inno:tr row="4">
<inno:td col="1" id="table-1-4-1" x-min="31" x-max="49.15" y-min="276.0" y-max="288.05"/>
<inno:td col="2" id="table-1-4-2" x-min="49.15" x-max="221.0" y-min="276.0" y-max="288.05"><inno:font font-size="10.50pt" font-name="DejaVuSans">a.</inno:font></inno:td>
<inno:td col="3" id="table-1-4-3" x-min="221.0" x-max="329" y-min="276.0" y-max="288.05"/>
</inno:tr>
<inno:tr row="5">
<inno:td col="1" id="table-1-5-1" x-min="31" x-max="49.15" y-min="288.05" y-max="306.25"><inno:font font-size="10.50pt" font-name="DejaVuSans">3</inno:font></inno:td>
<inno:td col="2" id="table-1-5-2" x-min="49.15" x-max="221.0" y-min="288.05" y-max="306.25"><inno:font font-size="10.50pt" font-name="DejaVuSans">Aliquam erat volutpat.</inno:font></inno:td>
<inno:td col="3" id="table-1-5-3" x-min="221.0" x-max="329" y-min="288.05" y-max="306.25"><inno:font font-size="10.50pt" font-name="DejaVuSans">Lorem</inno:font></inno:td>
</inno:tr>
<inno:tr row="6">
<inno:td col="1" id="table-1-6-1" x-min="31" x-max="49.15" y-min="306.25" y-max="323.7"><inno:font font-size="10.50pt" font-name="DejaVuSans">4</inno:font></inno:td>
<inno:td col="2" id="table-1-6-2" x-min="49.15" x-max="221.0" y-min="306.25" y-max="323.7"><inno:font font-size="10.50pt" font-name="DejaVuSans">Fusce vitae vestibulum velit.</inno:font></inno:td>
<inno:td col="3" id="table-1-6-3" x-min="221.0" x-max="329" y-min="306.25" y-max="323.7"><inno:font font-size="10.50pt" font-name="DejaVuSans">Lorem</inno:font></inno:td>
</inno:tr>
<inno:tr row="7">
<inno:td col="1" id="table-1-7-1" x-min="31" x-max="49.15" y-min="323.7" y-max="346"><inno:font font-size="10.50pt" font-name="DejaVuSans">5</inno:font></inno:td>
<inno:td col="2" id="table-1-7-2" x-min="49.15" x-max="221.0" y-min="323.7" y-max="346"><inno:font font-size="10.50pt" font-name="DejaVuSans">Etiam vehicula luctus fermentum.</inno:font></inno:td>
<inno:td col="3" id="table-1-7-3" x-min="221.0" x-max="329" y-min="323.7" y-max="346"><inno:font font-size="10.50pt" font-name="DejaVuSans">Ipsum</inno:font></inno:td>
</inno:tr>
</inno:block></inno:table><inno:text id="text-10" type="text"><inno:block page="2" page-width="362" page-height="512" x-min="31" x-max="330" y-min="358" y-max="442"><inno:font font-size="10.50pt" font-name="DejaVuSans">Etiam vehicula luctus fermentum. In vel metus congue, pulvinar lectus vel, fermentum dui.<inno:br/>Maecenas ante orci, egestas ut aliquet sit amet, sagittis a magna. Aliquam ante quam,<inno:br/>pellentesque ut dignissim quis, laoreet eget est. Aliquam erat volutpat. Class aptent taciti<inno:br/>sociosqu ad litora torquent per conubia nostra, per inceptos himenaeos. Ut ullamcorper<inno:br/>justo sapien, in cursus libero viverra eget. Vivamus auctor imperdiet urna, at pulvinar leo<inno:br/>posuere laoreet. Suspendisse neque nisl, fringilla at iaculis scelerisque, ornare vel dolor. Ut<inno:br/>et pulvinar nunc. Pellentesque fringilla mollis efficitur. Nullam venenatis commodo<inno:br/>imperdiet. Morbi velit neque, semper quis lorem quis, efficitur dignissim ipsum. Ut ac lorem<inno:br/>sed turpis imperdiet eleifend sit amet id sapien.</inno:font></inno:block></inno:text><inno:text id="text-11" type="text"><inno:block page="3" page-width="362" page-height="512" x-min="42" x-max="316" y-min="33" y-max="60"><inno:b><inno:font font-size="18.00pt" font-name="LiberationSans-Bold">Lorem ipsum dolor sit amet, consectetur adipiscing<inno:br/>elit.</inno:font></inno:b></inno:block></inno:text><inno:text id="text-12" type="text"><inno:block page="3" page-width="362" page-height="512" x-min="31" x-max="330" y-min="76" y-max="159"><inno:font font-size="10.50pt" font-name="DejaVuSans">Nunc ac faucibus odio. Vestibulum neque massa, scelerisque sit amet ligula eu, congue<inno:br/>molestie mi. Praesent ut varius sem. Nullam at porttitor arcu, nec lacinia nisi. Ut ac dolor<inno:br/>vitae odio interdum condimentum. Vivamus dapibus sodales ex, vitae malesuada ipsum<inno:br/>cursus convallis. Maecenas sed egestas nulla, ac condimentum orci. Mauris diam felis,<inno:br/>vulputate ac suscipit et, iaculis non est. Curabitur semper arcu ac ligula semper, nec luctus<inno:br/>nisl blandit. Integer lacinia ante ac libero lobortis imperdiet. Nullam mollis convallis ipsum,<inno:br/>ac accumsan nunc vehicula vitae. Nulla eget justo in felis tristique fringilla. Morbi sit amet<inno:br/>tortor quis risus auctor condimentum. Morbi in ullamcorper elit. Nulla iaculis tellus sit amet<inno:br/>mauris tempus fringilla.</inno:font></inno:block></inno:text><inno:text id="text-13" type="text"><inno:block page="3" page-width="362" page-height="512" x-min="43" x-max="310" y-min="171" y-max="194.9"><inno:b><inno:font font-size="16.00pt" font-name="LiberationSans-Bold">Maecenas mauris lectus, lobortis et purus mattis, blandit<inno:br/>dictum tellus.</inno:font></inno:b></inno:block></inno:text><inno:text id="text-14" type="text"><inno:block page="3" page-width="362" page-height="512" x-min="31" x-max="330" y-min="195" y-max="235"><inno:font font-size="10.50pt" font-name="DejaVuSans">Maecenas non lorem quis tellus placerat varius. Nulla facilisi. Aenean congue fringilla justo<inno:br/>ut aliquam. Mauris id ex erat. Nunc vulputate neque vitae justo facilisis, non condimentum<inno:br/>ante sagittis. Morbi viverra semper lorem nec molestie. Maecenas tincidunt est efficitur<inno:br/>ligula euismod, sit amet ornare est vulputate.</inno:font></inno:block></inno:text><inno:text id="text-15" type="text"><inno:block page="3" page-width="362" page-height="512" x-min="31" x-max="330" y-min="238" y-max="303"><inno:font font-size="10.50pt" font-name="DejaVuSans">In non mauris justo. Duis vehicula mi vel mi pretium, a viverra erat efficitur. Cras aliquam<inno:br/>est ac eros varius, id iaculis dui auctor. Duis pretium neque ligula, et pulvinar mi placerat<inno:br/>et. Nulla nec nunc sit amet nunc posuere vestibulum. Ut id neque eget tortor mattis<inno:br/>tristique. Donec ante est, blandit sit amet tristique vel, lacinia pulvinar arcu. Pellentesque<inno:br/>scelerisque fermentum erat, id posuere justo pulvinar ut. Cras id eros sed enim aliquam<inno:br/>lobortis. Sed lobortis nisl ut eros efficitur tincidunt. Cras justo mi, porttitor quis mattis vel,<inno:br/>ultricies ut purus. Ut facilisis et lacus eu cursus.</inno:font></inno:block></inno:text><inno:text id="text-16" type="text"><inno:block page="3" page-width="362" page-height="512" x-min="42" x-max="270" y-min="315" y-max="328"><inno:b><inno:font font-size="16.00pt" font-name="LiberationSans-Bold">In eleifend velit vitae libero sollicitudin euismod.</inno:font></inno:b></inno:block></inno:text><inno:text id="text-17" type="text"><inno:block page="3" page-width="362" page-height="512" x-min="31" x-max="330" y-min="329" y-max="368"><inno:font font-size="10.50pt" font-name="DejaVuSans">Fusce vitae vestibulum velit. Pellentesque vulputate lectus quis pellentesque commodo.<inno:br/>Aliquam erat volutpat. Vestibulum in egestas velit. Pellentesque fermentum nisl vitae<inno:br/>fringilla venenatis. Etiam id mauris vitae orci maximus ultricies. Cras fringilla ipsum<inno:br/>magna, in fringilla dui commodo a.</inno:font></inno:block></inno:text><inno:text id="text-18" type="text"><inno:block page="3" page-width="362" page-height="512" x-min="31" x-max="330" y-min="371" y-max="455"><inno:font font-size="10.50pt" font-name="DejaVuSans">Etiam vehicula luctus fermentum. In vel metus congue, pulvinar lectus vel, fermentum dui.<inno:br/>Maecenas ante orci, egestas ut aliquet sit amet, sagittis a magna. Aliquam ante quam,<inno:br/>pellentesque ut dignissim quis, laoreet eget est. Aliquam erat volutpat. Class aptent taciti<inno:br/>sociosqu ad litora torquent per conubia nostra, per inceptos himenaeos. Ut ullamcorper<inno:br/>justo sapien, in cursus libero viverra eget. Vivamus auctor imperdiet urna, at pulvinar leo<inno:br/>posuere laoreet. Suspendisse neque nisl, fringilla at iaculis scelerisque, ornare vel dolor. Ut<inno:br/>et pulvinar nunc. Pellentesque fringilla mollis efficitur. Nullam venenatis commodo<inno:br/>imperdiet. Morbi velit neque, semper quis lorem quis, efficitur dignissim ipsum. Ut ac lorem<inno:br/>sed turpis imperdiet eleifend sit amet id sapien.</inno:font></inno:block></inno:text><inno:image id="image-2" type="image"><inno:block page="4" page-width="362" page-height="512" x-min="135" x-max="226" y-min="31" y-max="103"/></inno:image></inno:content></inno:dom>