<?xml version='1.0' encoding='utf-8'?>
<inno:dom xmlns:inno="http://innodatalabs.com/innodom"><inno:meta><inno:datapoint key="single_required_group.boolean_true_true.1" confidence="1" idref="text-2">true</inno:datapoint><inno:datapoint key="single_required_group.enum_true_true.1" confidence="1" idref="text-4">b</inno:datapoint></inno:meta><inno:content><inno:text id="text-1" type="text"><inno:block page="1" page-width="362" page-height="512" x-min="117" x-max="245" y-min="18" y-max="35"><inno:b><inno:font font-size="22.00pt" font-name="SourceSansPro-Bold">Welcome to Smallpdf</inno:font></inno:b></inno:block></inno:text><inno:text id="text-2" type="text"><inno:block page="1" page-width="362" page-height="512" x-min="67" x-max="294" y-min="37" y-max="52"><inno:color rgb="#747474"><inno:font font-size="16.00pt" font-name="SourceSansPro-Regular">Ready to take document management to the next level?</inno:font></inno:color></inno:block></inno:text><inno:image id="image-1" type="image"><inno:block page="1" page-width="362" page-height="512" x-min="40" x-max="142" y-min="74" y-max="172"/></inno:image><inno:text id="text-3" type="text"><inno:block page="1" page-width="362" page-height="512" x-min="26" x-max="151" y-min="192" y-max="204"><inno:b><inno:font font-size="14.00pt" font-name="SourceSansPro-Bold">Enhance Documents in One Click</inno:font></inno:b></inno:block></inno:text><inno:text id="text-4" type="text"><inno:block page="1" page-width="362" page-height="512" x-min="19" x-max="181" y-min="206" y-max="245"><inno:font font-size="14.00pt" font-name="SourceSansPro-Regular">When you right-click on a file, we’ll present<inno:br/>you with an array of options to convert,<inno:br/>compress, or modify it.</inno:font></inno:block></inno:text><inno:text id="text-5" type="text"><inno:block page="1" page-width="362" page-height="512" x-min="173" x-max="310" y-min="74" y-max="90.9"><inno:b><inno:font font-size="14.00pt" font-name="SourceSansPro-Bold">Digital Documents—All In One Place</inno:font></inno:b></inno:block></inno:text><inno:text id="text-6" type="text"><inno:block page="1" page-width="362" page-height="512" x-min="169" x-max="342" y-min="91" y-max="146"><inno:font font-size="14.00pt" font-name="SourceSansPro-Regular">With the new Smallpdf experience, you can<inno:br/>freely upload, organize, and share digital<inno:br/>documents. When you enable the</inno:font> <inno:color rgb="#0054ff"><inno:font font-size="14.00pt" font-name="SourceSansPro-Regular">‘Storage’<inno:br/>option</inno:font></inno:color><inno:font font-size="14.00pt" font-name="SourceSansPro-Regular">, we’ll also store all processed files here.</inno:font></inno:block></inno:text><inno:image id="image-2" type="image"><inno:block page="1" page-width="362" page-height="512" x-min="225" x-max="315" y-min="183" y-max="254"/></inno:image><inno:image id="image-3" type="image"><inno:block page="1" page-width="362" page-height="512" x-min="31" x-max="172.9" y-min="296" y-max="396"/></inno:image><inno:text id="text-7" type="text"><inno:block page="1" page-width="362" page-height="512" x-min="30" x-max="122" y-min="409" y-max="421.9"><inno:b><inno:font font-size="14.00pt" font-name="SourceSansPro-Bold">Collaborate With Others</inno:font></inno:b></inno:block></inno:text><inno:text id="text-8" type="text"><inno:block page="1" page-width="362" page-height="512" x-min="29" x-max="198" y-min="422" y-max="476"><inno:font font-size="14.00pt" font-name="SourceSansPro-Regular">Forget mundane administrative tasks. With<inno:br/>Smallpdf, you can request e-signatures, send<inno:br/>large files, or even enable the</inno:font> <inno:color rgb="#0054ff"><inno:font font-size="14.00pt" font-name="SourceSansPro-Regular">Smallpdf G Suite<inno:br/>App</inno:font></inno:color> <inno:font font-size="14.00pt" font-name="SourceSansPro-Regular">for your entire organization.</inno:font></inno:block></inno:text><inno:text id="text-9" type="text"><inno:block page="1" page-width="362" page-height="512" x-min="175.1" x-max="296" y-min="290" y-max="301.9"><inno:b><inno:font font-size="14.00pt" font-name="SourceSansPro-Bold">Access Files Anytime, Anywhere</inno:font></inno:b></inno:block></inno:text><inno:text id="text-10" type="text"><inno:block page="1" page-width="362" page-height="512" x-min="173" x-max="341" y-min="302" y-max="355"><inno:font font-size="14.00pt" font-name="SourceSansPro-Regular">You can access files stored on Smallpdf from<inno:br/>your computer, phone, or tablet. We’ll also<inno:br/>sync files from the</inno:font> <inno:color rgb="#0054ff"><inno:font font-size="14.00pt" font-name="SourceSansPro-Regular">Smallpdf Mobile App</inno:font></inno:color> <inno:font font-size="14.00pt" font-name="SourceSansPro-Regular">to our<inno:br/>online portal</inno:font></inno:block></inno:text><inno:image id="image-4" type="image"><inno:block page="1" page-width="362" page-height="512" x-min="211" x-max="320" y-min="390" y-max="476"/></inno:image></inno:content></inno:dom>